{
    "id": "modr-9ZsoD96Nvok2P4gfxLqHwSB6S8j0L",
    "model": "text-moderation-007",
    "results": [
        {
            "categories": {
                "harassment": false,
                "harassment_threatening": false,
                "hate": false,
                "hate_threatening": false,
                "self_harm": false,
                "self_harm_instructions": false,
                "self_harm_intent": false,
                "sexual": false,
                "sexual_minors": false,
                "violence": false,
                "violence_graphic": false,
                "self-harm": false,
                "sexual/minors": false,
                "hate/threatening": false,
                "violence/graphic": false,
                "self-harm/intent": false,
                "self-harm/instructions": false,
                "harassment/threatening": false
            },
            "category_scores": {
                "harassment": 1.5778106899233535e-05,
                "harassment_threatening": 6.258280791371362e-06,
                "hate": 9.739669621922076e-05,
                "hate_threatening": 4.950439688400365e-06,
                "self_harm": 3.25317814713344e-05,
                "self_harm_instructions": 3.967284811778882e-08,
                "self_harm_intent": 6.501421012217179e-06,
                "sexual": 8.081983833108097e-05,
                "sexual_minors": 4.219245965941809e-05,
                "violence": 9.734143532114103e-05,
                "violence_graphic": 0.00026476188213564456,
                "self-harm": 3.25317814713344e-05,
                "sexual/minors": 4.219245965941809e-05,
                "hate/threatening": 4.950439688400365e-06,
                "violence/graphic": 0.00026476188213564456,
                "self-harm/intent": 6.501421012217179e-06,
                "self-harm/instructions": 3.967284811778882e-08,
                "harassment/threatening": 6.258280791371362e-06
            },
            "flagged": false
        }
    ]
}